{
	"class_name" : "PinholeCameraParameters",
	"extrinsic" : 
	[
		0.99313936149199877,
		0.0095316710921354315,
		-0.11654765506631436,
		0.0,
		0.11564557649356334,
		-0.22776002291306491,
		0.96682546129077074,
		0.0,
		-0.017329434287841998,
		-0.97367064205964005,
		-0.22729973932768127,
		0.0,
		3.0221619799049377,
		9.7208094131207545,
		40.12817527525889,
		1.0
	],
	"intrinsic" : 
	{
		"height" : 1080,
		"intrinsic_matrix" : 
		[
			935.30743608719376,
			0.0,
			0.0,
			0.0,
			935.30743608719376,
			0.0,
			959.5,
			539.5,
			1.0
		],
		"width" : 1920
	},
	"version_major" : 1,
	"version_minor" : 0
}